tstamp,observations,ConstantTerm,Spun_sigs,Npun_sigs,Mdd_sigs,Aqp_sigs,Apr_sigs
2014-07-03,0.6443077,1.1020088195800781,0.0007842545949660735,0.0005554962324074344,0.0006728189541803164,0.0002511056041179946,0.0012083507774873195
2014-07-04,0.6511136,1.0886024236679077,0.0009899725725485934,0.0012377989588950736,0.001319849523761924,0.00011061447117576344,0.001517422015449883
2014-07-05,0.6176882,1.0508867502212524,0.00059167573583808,0.0010155044158882357,0.0011095882280004502,8.251274717300447e-05,0.001111328170980914
2014-07-06,0.57998914,0.9872094392776489,0.002097212546573065,0.0010116930684029887,0.0011006482546728979,0.0005417407335055827,0.0018175040988758797
2014-07-07,0.7101596,1.0313446521759033,0.0055777096377925125,0.0023082051711324587,0.0021975142129379848,0.00045128885584268865,0.002747982030891373
2014-07-08,0.67829627,1.0731847286224365,0.005548462021654275,0.0039706475048047404,0.0033746680085870524,0.00014196879048935824,0.004305968233921768
2014-07-09,0.7024,1.072931170463562,0.004037432628614529,0.0012875610560885143,0.0013296491099094331,0.0009090129540207944,0.0034492490769095266
2014-07-10,0.64159375,1.0672599077224731,0.004007154191707611,0.0013824155834492348,0.0010305898098464052,0.0011665800310815516,0.002331631008690037
2014-07-11,0.7284648,1.0747156143188477,0.005133010481106763,0.002044578454994724,0.001315809343508126,0.0012409700335132483,0.0029986990924768956
2014-07-12,0.9230638,1.0542865991592407,0.0025040175009713454,0.0011713609391924553,0.0011116512987683468,0.0005745202491516136,0.0019029387310285828
2014-07-13,0.5998022,1.0027709007263184,0.0008283644926348405,0.0006353301678021677,0.0006300961970284552,0.00014668155627575746,0.001112131670827758
2014-07-14,0.75191396,0.9742301106452942,0.0002783831490822014,0.00024156586031830174,0.00021739608216711642,0.00011141013293190876,0.0003239673718419435
2014-07-15,0.76445264,0.9979568719863892,0.0012599399162506707,0.00038127780178152834,0.00025324193675932183,0.00034000113241172534,0.0004993374907581863
2014-07-16,0.77479786,1.000177025794983,0.0010272052032979538,0.00029681507171972545,0.00026613612905867633,0.0001728859330138622,0.00036383477439902044
2014-07-17,0.74406385,1.0586243867874146,0.004588075543705277,0.0009510793598708553,0.00109041886211541,0.0005477300555161271,0.0017562748996093503
2014-07-18,0.8095,1.068214774131775,0.006071011224452323,0.0017201847589782642,0.0018645861677686524,0.0006615534043238173,0.002912385632366707
2014-07-19,0.73982793,1.0910333395004272,0.006295591683563239,0.0030175653993384207,0.0029987593224198718,0.000550886471933363,0.004783460572593884
2014-07-20,0.84596777,1.1332471370697021,0.005727517127712563,0.0033342853099355223,0.003356616139367956,0.0008956878054893057,0.005463949614760058
2014-07-21,0.6781809,1.1602109670639038,0.00735742938761194,0.003004414717800852,0.0020160499466450694,0.0011694479108179875,0.004023048405036953
2014-07-22,0.59728724,0.9946401119232178,0.003610718986534566,0.001099394932922763,0.0009293274196554747,0.0009615353734621676,0.0015097887669048655
2014-07-23,0.6338977,0.9538627862930298,0.0018976179520642001,0.0005615453415529204,0.000842850369967804,0.0006467593417809834,0.0009931069786714463
2014-07-24,0.6312391,0.9964380264282227,0.002829541468489927,0.0011742526585981523,0.0010523380141913164,0.0003868489971306994,0.0019395105287450887
2014-07-25,0.7132317,1.097983956336975,0.002465954059453198,0.001956406558345402,0.0017733812475712184,0.0002431314994849778,0.0020067283128076267
2014-07-26,0.6103182,1.0341384410858154,0.0024613538294556525,0.0005686877863040939,0.0004745062766162446,0.0005557828519711803,0.0011042724379508157
2014-07-27,0.57679784,0.9642562866210938,0.003951751421737179,0.0005211634507708922,0.00045997881995897186,0.0009882993364903085,0.0010427670356119338
2014-07-28,0.5901596,0.973946213722229,0.002274959894939743,0.0012181189179926986,0.00042103835921492136,0.0002852053936670799,0.0012882236841376498
2014-07-29,0.797,0.9953480958938599,0.0016523595360412439,0.0011779209528265805,0.0009282958842715263,0.00012807531213205144,0.0014252957361351828
2014-07-30,0.8907812,1.0138946771621704,0.007097031753135525,0.0021899818724613893,0.0015243514136296858,0.0005432708522674006,0.0017843346208233533
2014-07-31,0.934,0.9267200231552124,0.0015073138226571136,0.0005503565332517259,0.00034831511464656213,0.00014518203988917589,0.00035528503384119666
2014-08-01,0.839625,0.9382120966911316,0.0007387292419134464,0.00018006828702082282,0.00012378424607380293,5.685046965337237e-05,-4.819743612552931e-05
2014-08-02,0.6696452,0.9041512608528137,0.00012769869223954193,0.00017146976447702812,0.00016513162271373296,4.411988155504722e-05,7.288622438831998e-05
2014-08-03,0.7395,0.8845425844192505,8.222718803303998e-05,8.051854740950965e-05,7.886947623105152e-05,4.425977812755628e-05,6.389079250919996e-05
2014-08-04,0.54814816,0.8725476264953613,9.125071610514737e-05,0.00018581085347312544,0.0001859342529566915,4.509915756261069e-05,4.903860002769406e-05
2014-08-05,0.7824255,0.887933611869812,0.00012093681570468908,0.00039074997100089576,0.000416052604859171,4.821185630093744e-05,6.011810963456554e-05
2014-08-06,0.80224466,0.916213870048523,0.000116059648784215,0.00010486314629315899,6.447096149677236e-05,5.346234953791839e-05,0.00011669579806897498
2014-08-07,0.9037766,1.0238447189331055,0.000631970058124268,0.0008991919000046764,0.0006007833998679228,0.000139022218930886,0.0002959641467109216
2014-08-08,0.7410421,1.0975838899612427,0.0009064453195162472,0.0025636880697212875,0.002134332670671148,0.00014894613204324798,0.0009078041707123661
2014-08-09,0.7177872,1.1180540323257446,0.00016831610760248056,0.00060097694998608,0.0014638346711047154,7.619991433853279e-05,0.0003656426490544193
2014-08-10,0.77525,1.151972770690918,0.001980499018943045,0.0011512517385196235,0.001080705237249896,0.00026144046341210203,0.0010736515609749977
2014-08-11,0.80409783,1.1596903800964355,0.0052177531795230755,0.0015941037492719268,0.0009429952634927904,0.0005638094178188882,0.0024049629243996537
2014-08-12,0.7202234,1.198325276374817,0.008611184379250528,0.0022517706613173925,0.0019724675766732516,0.0008427107221872782,0.0033565327273948004
2014-08-13,0.75538707,1.2015597820281982,0.006347240419689521,0.0022315592797468326,0.002149289933738399,0.0006188762061727699,0.003029056321065468
2014-08-14,0.77335787,1.194891095161438,0.00524244672181759,0.0051804386796326235,0.004395973999977923,0.0007125194743960271,0.0036547190533696497
2014-08-15,0.72157305,1.1391299962997437,0.0023844730625736054,0.001264263811406575,0.0016180492110049948,0.0005357951291739473,0.0017601794066776076
2014-08-16,0.7189355,1.097736120223999,0.0030854311852764405,0.0006577180024943297,0.0006571740008570996,0.0004951551748600632,0.0009499879126716728
2014-08-17,0.715871,1.1358774900436401,0.011883578758273342,0.002293869191181248,0.000863824922774754,0.0014110318044695837,0.002276917690994008
2014-08-18,0.80246234,1.1729576587677002,0.01704542145013395,0.003964588177569482,0.0009746290152672067,0.0016333624323296196,0.00292679841086947
2014-08-19,0.84121054,1.2285914421081543,0.011989830224370484,0.0029315801739004735,0.0019209767687578293,0.0020542849884020585,0.0046391068032343285
2014-08-20,0.8123438,1.2672452926635742,0.012585767711744751,0.0032466754082237028,0.00227651263109203,0.0023826222440808406,0.00485130609091177
2014-08-21,0.9019124,1.1313832998275757,0.008673156708448223,0.0028921281292877683,0.0007041948221087456,0.0010493641903905166,0.004006626876917081
2014-08-22,0.6267143,1.151939868927002,0.00858476767388001,0.0030205490815520724,0.0006857131464796709,0.0013773079869591166,0.004387561132431749
2014-08-23,0.73589414,1.1480629444122314,0.005818090886894995,0.002453598370509351,0.0013357523609311276,0.0014561659361753217,0.004249095510387346
2014-08-24,0.7175233,1.130903720855713,0.007099816507749423,0.0021659080529567187,0.0018121497857512775,0.001510244704985858,0.003871237152723877
2014-08-25,0.76395506,1.0762823820114136,0.007507267648301205,0.0013820681683969604,0.0014842934562196912,0.0011417833636043193,0.0026247326871965773
2014-08-26,0.87538826,1.1659305095672607,0.007176112630016398,0.0031498079171777445,0.0031079301505544062,0.0010971126392950177,0.004541406243732149
2014-08-27,0.90529215,1.23058021068573,0.004990541819644334,0.00180348262680597,0.0018024361608857638,0.0012165231074672887,0.005283450906977632
2014-08-28,0.8109149,1.2565876245498657,0.0073669375552991734,0.0018112892473923744,0.0019080825764584749,0.0016969978857496817,0.003824533724126073
2014-08-29,0.92625,1.1886439323425293,0.004388665573811698,0.0014663265366633075,0.0014838636498097127,0.0005383657286938014,0.002773103955790353
2014-08-30,0.91592133,1.1341832876205444,0.0008423190364735472,0.0012874180028316954,0.0012196186689549418,0.00023447539906097922,0.001418127010939122
2014-08-31,0.90254116,1.1875476837158203,0.001832691629021927,0.0016726297691757443,0.0020132991856212073,0.0003243152292191461,0.0017829284960913766
2014-09-01,0.88572603,1.197074294090271,0.0032935800536268937,0.0015426965396250685,0.001595957161532101,0.0006989057891837384,0.002782984492969512
2014-09-02,0.76917976,1.1834208965301514,0.004109036208576316,0.0009969994553097304,0.0008719052832823495,0.0007755516238471438,0.003190258477838533
2014-09-03,0.8942609,1.1726278066635132,0.0031582502106221938,0.000795253490835954,0.000726458794145631,0.0005788832735067402,0.0021990535339607878
2014-09-04,0.90829545,1.2009214162826538,0.002597037536306318,0.0019205104089736241,0.0017708883703933434,0.0005111558453407878,0.0035301389130535186
2014-09-05,0.896125,1.1977014541625977,0.0020078542327746,0.0010152285274643708,0.001078728127763995,0.0005133504728220238,0.001941469059621771
2014-09-06,0.85479546,1.1773072481155396,0.001998299908933545,0.0005339156268073221,0.0005507539337464274,0.00033693215135230766,0.0013845055642227458
2014-09-07,0.8666667,1.1668294668197632,0.003764542061837089,0.0010843028143283663,0.0009123070858203268,0.000287251381040025,0.001265236055706849
2014-09-08,0.9699575,1.1564220190048218,0.002814740728497826,0.0015995704273003642,0.001239905531505926,4.9138671093810015e-05,0.0011546543892849521
2014-09-09,0.86254716,1.1548992395401,0.00584098433919047,0.0028854250623968243,0.002267400735200486,-1.5187521653015659e-05,0.0027507063975595785
2014-09-10,0.8102424,1.0809741020202637,0.0031883747936830398,0.0015525774324353472,0.0012533154914972546,6.579510675817088e-05,0.0013049465247000891
2014-09-11,0.9707283,1.0830241441726685,0.00028555273830914435,0.0012839642884884955,0.001521170846195845,-6.199166869308061e-06,0.0006367485192536066
2014-09-12,0.9750444,1.1370760202407837,-1.8185524605679345e-05,0.0008918961839069112,0.0008689825996944958,9.295252889649365e-05,0.0003198933765247426
2014-09-13,0.82676744,1.171328067779541,0.000721774548076341,0.0009058030040876653,0.0009552017655361793,0.00016527905688368163,0.0007463258108669486
2014-09-14,0.8721828,1.1387156248092651,0.003114001844491962,0.0012710281868361555,0.0007182065110740441,0.0007810862819970339,0.0015138941489348337
2014-09-15,0.89094317,1.0329995155334473,0.0014979672015082554,0.0008318342522225079,0.0005386333929850341,0.0003427028849683067,0.00046031752944582764
2014-09-16,0.91691303,1.0042657852172852,0.0004186055443919827,0.0005632108901858836,0.0005047646478787297,0.00011699725229648965,0.000167918913305276
2014-09-17,0.7586966,1.003024935722351,0.0008900137287557857,0.0008260201591417958,0.0005244497814557443,0.00012442925771103387,0.0001263252415459953
2014-09-18,0.8685714,1.1690020561218262,0.0013549446661999685,0.001472539135245158,0.001394893722944167,0.000350607041315069,0.0015505538294470884
2014-09-19,0.7853846,1.2333356142044067,0.003055521997600095,0.0023498541050463117,0.002367373706161481,0.0006400617933721119,0.0036035838209290973
2014-09-20,0.97508794,1.1636172533035278,0.0020529180242890117,0.0006185520643952623,0.000715971517742156,0.0003845232166127361,0.0016648391279755316
2014-09-21,0.8655393,1.2147163152694702,0.006391811878896503,0.0027286897833721457,0.0019416934377187922,0.0007575574272081651,0.0034162428097633903
2014-09-22,0.79985106,1.215622901916504,0.004204348666217757,0.0031623659495084917,0.0021254786586255912,0.0004187016979838577,0.0044491920816217
2014-09-23,0.8181928,1.1995912790298462,0.0020662725381280387,0.0011514050098662154,0.0012227132751067868,0.0005785859932901584,0.0024651626394874143
2014-09-24,0.93912905,1.2184033393859863,0.004465161706078566,0.002472910560179906,0.003193633548704116,0.0007837705474820516,0.004714987320020653
2014-09-25,0.82180953,1.2118576765060425,0.004090958381662887,0.0025116166842391982,0.0027932258971681617,0.0006774141782320329,0.004181764734158845
2014-09-26,0.9264,1.1681967973709106,0.00157497105146716,0.0009714440127880067,0.0011344310384972065,0.00039791831343047936,0.0024894308457991225
2014-09-27,0.94247824,1.1678296327590942,0.0015814482983867802,0.0007735298319790228,0.0007616169584818708,0.00032855584407332725,0.0013560566477704278
2014-09-28,0.8335914,1.1708844900131226,0.0006647563127221552,0.0004915718627889202,0.0004765693473841413,0.00014517766812128496,0.00042790133249971755
2014-09-29,0.8291867,1.1627837419509888,0.0007258209042280277,0.0006565429221704599,0.0006811571985338989,0.00021680471324592762,0.0006789071518426994
2014-09-30,0.87006897,1.1506054401397705,0.0016713758714157105,0.0010669218436248668,0.0011743170733432096,0.0002215437096396723,0.001217766791317522
2014-10-01,1.0664353,1.1373153924942017,0.001324250823908657,0.0007874673064290953,0.0007422756700328391,0.00025082581097297653,0.0008868880653242099
2014-10-02,0.94358826,1.1302646398544312,0.0003194928967525696,0.00042909846191814066,0.0004300642938244695,8.079901415976839e-05,0.0002013645944301549
2014-10-03,1.0023333,1.1421473026275635,0.0004448222397626068,0.000502883288167388,0.0003592321974600156,9.375693418842078e-05,0.00020916105388156249
2014-10-04,1.1100652,1.153159499168396,0.0008887675126026046,0.0009295907170786981,0.0006310417711304078,0.00014935707822499338,0.00038777655889794837
2014-10-05,1.3893373,1.172529935836792,0.0010161277263807888,0.0006085894268668014,0.0006005255160219357,0.00014839528928899354,0.0004838198999660128
2014-10-06,1.1438055,1.1737371683120728,0.0008726897856881081,0.00044752167777846377,0.0003427276313168419,0.0001184311921647076,0.00046434758336515424
2014-10-07,1.1065506,1.1851881742477417,0.000709466240390602,0.00038886984248270417,0.0002871106818656263,9.351211518652992e-05,0.0003880778713405149
2014-10-08,1.0767586,1.2180726528167725,0.0011236100232465045,0.0006936958965842895,0.0005682040739915538,0.0001725274480468077,0.0006347774336918176
2014-10-09,1.2081765,1.1691359281539917,0.0005133795135721729,0.0007543402593857412,0.0007464018115686326,0.00019269004155967709,0.0007746742898384112
2014-10-10,1.1551765,1.003345012664795,0.00012019062455124114,0.0003696700517996498,0.0003535587528482996,6.631971890507989e-05,0.00010017383246824652
2014-10-11,0.816,0.980482816696167,-6.672641304131245e-05,0.0006109089332452226,0.0006206404560089286,8.244279888674993e-05,-1.3590446628258786e-05
2014-10-12,0.81958824,0.9637681841850281,-0.0003022766513771422,0.0002712749563326608,0.00030254073198385375,0.00015155607747412028,0.00015226322097692616
2014-10-13,0.7226413,0.9855651259422302,0.00010238204186843756,0.00019487940814646803,0.0001826247435998572,0.00011037402394176349,0.00015740436452821665
2014-10-14,0.74547255,0.9645726680755615,0.00017894740836603762,0.00020578210993402475,0.00017983100193499704,0.00013258697659546888,0.00018397007821449433
2014-10-15,0.7042105,0.980599582195282,0.00014963055799706808,0.0001687721887770141,0.00018258176295885933,7.05035007766792e-05,0.00019764213029594823
2014-10-16,0.7312135,1.0060890913009644,0.00015093062299637426,0.00013476638601320087,0.000139343238115024,7.313967681489694e-05,0.00018257023082507093
2014-10-17,0.8358182,1.0402815341949463,0.00022827295141663657,0.00021207645323405747,0.00021103494729943486,9.649366088812942e-05,0.0002920470849575574
2014-10-18,0.9881235,1.0628926753997803,0.0013312357885203138,0.0007402392954993042,0.0007035930931347757,9.148361488514843e-05,0.0004886911177875042
2014-10-19,0.78978,1.103952169418335,0.004056110485527638,0.002064340240615281,0.001976249873081062,-0.00012150017322412527,-5.85048325983242e-06
2014-10-20,0.92975,1.0825519561767578,0.0016231888468260425,0.0014530225837791476,0.0012470403179115689,-2.004892754770576e-05,8.382763245901517e-05
2014-10-21,0.9912118,1.082892894744873,0.002515833476349655,0.0027765104435087578,0.0024465440468795178,-0.0001210455093634708,-0.00015467372051745795
2014-10-22,0.8997436,1.1369783878326416,0.002898791084606816,0.0031009858842434,0.0020273968358685015,0.000284007529264971,0.0005048238881499176
2014-10-23,0.94108975,1.2323631048202515,0.0045079023045172945,0.002434817521506981,0.0015585640038639729,0.0004864990744360646,0.0010080407766061474
2014-10-24,1.0280898,1.247022032737732,0.0033362437251425866,0.0012957559640862841,0.0009403304637509238,0.0002584064564958116,0.0005827508186086726
2014-10-25,0.92441463,1.300706148147583,0.0002154876968080752,0.0011679276610288012,0.000697575803395077,0.00019303103945516792,0.000261664746998771
2014-10-26,0.8065213,1.0403085947036743,0.00018400919990179776,0.00020618061543516318,0.00021842761755106477,9.820739390136551e-05,8.550996026334465e-05
2014-10-27,0.85814285,1.1009650230407715,1.3785304608027659e-05,0.00023996162022397522,0.0002274535521606129,0.00014409346968433968,0.00019064289334883112
2014-10-28,0.9203864,1.2619080543518066,0.002712827940859907,0.0003714377813303408,0.00038751345923659973,-3.8524018654684506e-05,0.00016923715524150434
2014-10-29,0.97420484,1.2771250009536743,0.007332797386855855,0.003696189613507859,0.0033016009188907105,-5.15868611127187e-06,-0.0012274087894796491
2014-10-30,1.0888025,1.1675204038619995,0.004480208612224382,0.002263051432426542,0.0022152222370290984,4.5134131705737955e-05,-0.0009891083114648871
2014-10-31,1.0833846,1.1107909679412842,0.004407266503801771,0.0014159717902630458,0.0012799634889159206,0.00020887432629181985,0.00031708112706078885
2014-11-01,0.8698375,1.0930603742599487,0.0005665052466207438,0.0008832414618693661,0.0008238529266467551,0.00010899691705612735,0.0006090026651672769
2014-11-02,0.9081647,1.1489715576171875,0.0007163435073100087,0.0009752860145425721,0.0008915044555773683,0.00011993508031918007,0.0007136961842740205
2014-11-03,0.8832222,1.2122658491134644,0.005238292667973653,0.0027457131209335977,0.0021579720232199643,0.0002467425797628681,0.0014965812381723682
2014-11-04,0.8180814,1.09957754611969,0.001360298780043265,0.0013102963058329506,0.0010550887752151785,0.00010757172072369122,0.0007993065820182207
2014-11-05,0.79456323,1.03977632522583,0.00043760649438184227,0.001144579325897998,0.0011842026207727148,7.522938186675113e-05,0.0002294870890696927
2014-11-06,0.7245934,0.9239585399627686,0.00018857865913012836,0.000221078590323877,0.0002072526508916242,5.245247115511856e-05,0.00011969009046697934
2014-11-07,0.85814863,0.8970280289649963,0.00010437444917506655,0.00013039304359045085,0.00010874102172455605,6.607927167107993e-05,0.00010218885942790984
2014-11-08,1.178323,0.904279887676239,0.00030246127599242826,0.00028302065052647187,0.0002420669700998813,5.5661348787045294e-05,8.222063276532729e-05
2014-11-09,1.1087883,1.011515736579895,0.0044734698137664395,0.0021043031897166253,0.0021124985050442412,-0.00024773059930621337,-5.384704442365075e-05
2014-11-10,1.0674353,1.114949107170105,-0.00010449753225192394,0.003366778835412964,0.003943645734116568,0.0001416889973443401,-0.0003291712888187687
2014-11-11,1.0712571,1.063509464263916,0.0006224465050524274,0.0008299336875247708,0.000734109348243248,0.0001131588400882721,0.0005027021463668453
2014-11-12,0.8248837,1.0936342477798462,0.0014632577738344715,0.0009828882733335207,0.0008362313512541354,0.00018420006831553303,0.00047563424527629017
2014-11-13,0.9199892,1.1491681337356567,0.007079415487760311,0.005804436985876777,0.00490477882811045,0.0002793559682290445,-0.0005117917383842674
2014-11-14,0.93777275,1.1901010274887085,0.009131825794357286,0.0018298452984197436,0.0018854747592936068,0.0010752188256973486,-0.00034731280879829197
2014-11-15,0.8819487,1.1993303298950195,0.010983918393368859,0.001817542718333316,0.0016514881497013208,0.0009766179726858014,-1.8003418443346976e-05
2014-11-16,0.83613634,1.1646432876586914,0.009669714225608687,0.002272881234787957,0.0013521709657923057,0.0007186137188359533,0.0002752865803397971
2014-11-17,0.9246744,1.1189385652542114,0.007140126215420218,0.0022480410585503274,0.0014089054119094653,0.000539965795741874,0.00035085322999844806
2014-11-18,0.8867935,1.1859010457992554,0.009071715096697058,0.0028051824034111797,0.0005143923114622477,0.0021961401129262535,0.00242944456035818
2014-11-19,0.70476925,1.1102842092514038,0.006298037959715779,0.00020200141671809598,-0.00012679289094365232,0.002228255119852866,0.00019653104066398434
2014-11-20,1.1206666,1.0429273843765259,0.003632258524984609,0.0010507568256043283,0.0007669465579656041,0.0013212531790618895,0.0011344036822074635
2014-11-21,1.0726173,1.1593526601791382,0.0049057529650742,0.002467801515293516,0.0022914698941592813,0.0014653204181388838,0.003953081144935996
2014-11-22,1.0227662,1.2022737264633179,0.003651659494974255,0.001931505073569136,0.0018436116149617024,0.0008642285637463291,0.0036498352808630513
2014-11-23,1.0201956,1.2687890529632568,0.0014395950523086384,0.0037177089105693345,0.003822096481374653,9.788388307743828e-05,0.002772551549645648
2014-11-24,0.94814706,1.320163369178772,0.00790653376424197,0.0019312904936839076,0.001996106929222068,0.0011486382956572636,0.0022347088396644874
2014-11-25,0.96728987,1.3086496591567993,0.010699411861213003,0.0016930761668110777,0.0013668703450135699,0.0016470548093639446,0.0009321100410793952
2014-11-26,0.9545,1.161192774772644,0.009131733482049643,0.00020979781921472745,0.0005396649283689825,0.0018919350160052856,-0.0009136295446019847
2014-11-27,0.96021837,1.1751081943511963,0.00757316325057373,0.0018072633200218989,0.001815416314467114,0.0012899950386418947,0.00040782639101372603
2014-11-28,0.83862764,1.1581196784973145,0.003926980952519629,0.002306049154190402,0.002069517864046393,0.0006137787248119708,0.00048772440703427004
2014-11-29,1.0762048,1.0822339057922363,0.003384015344347861,0.0016721801732257418,0.0013765839698790835,0.00031546677100794757,0.00015704655600266897
2014-11-30,1.0723809,1.1158316135406494,0.0036042725103841602,0.001639972754261938,0.0012744619668681961,0.0002392668566694148,0.00032018213428220213
2014-12-01,1.5349661,1.1715404987335205,0.00437363405305049,0.002656202654524041,0.0021667400739835254,0.0004806321619264656,0.001718158875624691
2014-12-02,0.9019124,1.1930577754974365,0.006874959111715579,0.0037275489310205218,0.0031277012454134167,0.0005180544950726412,0.0030476121456535204
2014-12-03,0.9019124,1.1751564741134644,0.005859354488411434,0.0032288244053906554,0.002729098780799372,0.0006406038925905845,0.002954431272789837
2014-12-04,0.9019124,1.098057746887207,0.001664867853726876,0.0012563550099224429,0.0010332546095882717,0.0004622794803204323,0.0012922662927420832
2014-12-05,0.8722857,1.035811424255371,0.0008731975033801448,0.0008018441587393974,0.0007310147420914029,0.00034135638045790695,0.0009579475830294706
2014-12-06,0.86375827,0.9978357553482056,-0.00032666248597951257,0.00036160797896892606,0.00039232729102835873,0.00021537077337770968,0.00032792837499318197
2014-12-07,0.92235065,1.0079092979431152,-0.00014893052299744166,0.0005596652130347288,0.0004699503286704727,0.00011524854514012631,2.3339159613794998e-05
2014-12-08,0.8937889,1.0956144332885742,-0.0014224249630870325,0.001501905925252129,0.001697907241978997,0.00015885255808404633,-0.00011207567394962235
2014-12-09,0.99597645,1.1557708978652954,-0.0010191432617637948,0.002233224828379796,0.0022961977646690445,0.0002343529895600338,-0.0003036225046261529
2014-12-10,1.1613425,1.0999890565872192,-0.0004233442428509922,0.0017422660509772427,0.0018819503467317831,0.00022240057614629033,4.720561600208133e-06
2014-12-11,1.0152369,1.0179955959320068,0.0003315396528999866,0.0015049509160044176,0.0015295090905494276,4.940097716726452e-05,0.00020258239888552775
2014-12-12,1.0394666,1.0656630992889404,0.0007441141265259573,0.0013944320570220246,0.001348990398358465,0.00020424025232745698,0.00039587433079192244
2014-12-13,1.0696585,1.1414872407913208,-0.00023685799602743952,0.0020456615725106386,0.0019693729705214063,0.00045406055668552455,0.00032052111078008946
2014-12-14,0.9019124,1.0406829118728638,0.00017582417529078134,0.0006755587872376042,0.0006570020782931082,9.948395012551075e-05,0.0002739683384035688
2014-12-15,0.9019124,1.065564513206482,2.1785704603757995e-05,0.000493717661641204,0.0005050225317247168,0.00013472039932623217,0.00019061778397861724
2014-12-16,0.9019124,1.1004151105880737,7.218822457685912e-05,0.0009507523809981263,0.001020446378570913,0.00014107694983961293,0.0001599717976325852
2014-12-17,0.9019124,1.1316035985946655,0.0002549050521716543,0.001425965082060825,0.0014510264400873565,0.00018602746729393273,6.224612876019128e-05
2014-12-18,0.9019124,1.1676409244537354,0.0007403754780664141,0.0023434371446690054,0.0022799510823718577,-7.169699341089718e-07,0.00024811824176838653
2014-12-19,0.7869412,1.3086954355239868,0.0010589452517425532,0.004217107830124204,0.00379519060011,-0.0002310217024271616,0.001909818698467184
2014-12-20,0.85851645,1.3652045726776123,0.00741900169680985,0.0046897353544743895,0.004178921762938789,0.0007488576091052574,0.002212989234429487
2014-12-21,0.88730335,1.2847520112991333,0.01957396325416913,0.0029460796432880486,0.0025551131460400823,0.004708420249115654,0.0014289240401310873
2014-12-22,1.1596184,1.1133968830108643,0.015220591752646288,0.001987009737214879,0.001820230146258873,0.0041587666157275275,-0.00021533795895417525
2014-12-23,0.95214283,1.3210773468017578,0.0036278583049869574,0.0024701618940310283,0.0020500906143153656,0.0008228016912120815,0.0024308381304050494
2014-12-24,1.4471294,1.3336763381958008,0.005310065487166118,0.002588609990677099,0.0022219272170247626,0.0006282143023877501,0.0035335412327174983
2014-12-25,1.1898375,1.327957034111023,0.00398152214095206,0.0023800894326839687,0.0019109192987643328,0.000683324808420541,0.004074710934251997
2014-12-26,1.0318182,1.2845988273620605,0.003033136262996657,0.0024828221072595033,0.001894156848775172,0.0005058135449780977,0.002604984167523366
2014-12-27,1.012625,1.2203989028930664,0.0011408416540065389,0.0004926958526639259,0.0005126730858223338,0.000833372625972298,0.0015301775755185304
2014-12-28,0.90990627,1.1459755897521973,0.00019684061066418065,-0.00011094801875284973,9.868355173105957e-05,0.00043649479329985473,0.0009492220768801497
2014-12-29,0.8983671,1.1122581958770752,-0.00022116490372812232,-0.00012168723110404194,-0.00046831706431255446,0.0005489628940613633,0.0007785034687960269
2014-12-30,1.1049782,1.135379433631897,0.003187313202145145,0.0028018002156963893,0.0023686631253914165,0.00010710831332725493,0.0008620800075529033
2014-12-31,0.8950814,1.1953145265579224,0.007107493814668403,0.00349116364221702,0.0036434689373875955,0.001760432237846762,0.004657863502784092
2015-01-01,0.9813721,1.2333999872207642,0.009912003262402458,0.004342289647930537,0.003851495239817181,0.002792423022638809,0.003900125483154938
2015-01-02,0.9562637,1.1891006231307983,0.004290783756940859,0.0033539551327481246,0.003236356305855977,0.0007699120432678721,0.0032430383740280943
2015-01-03,0.9517065,1.2103437185287476,0.0017200090721589867,0.0009414947916639873,0.0011142301372282178,0.000643017108466366,0.0020907066014879253
2015-01-04,0.8824211,1.1614521741867065,0.0007214668403841975,0.0010533011299577505,0.0011091584215904718,0.0001391358848960496,8.665243660807589e-05
2015-01-05,0.8614778,1.168304681777954,0.0015182759091897247,0.0015185307573124427,0.0013837187562847264,-6.251628083998961e-06,-0.0002633847388584213
2015-01-06,0.93492,1.165441870689392,0.001887586681300323,0.0019024243900758028,0.0014817146177598204,-0.00012182368404805248,-0.00031148173750309517
2015-01-07,0.9019124,1.1530215740203857,0.004373618667665882,0.003398046190117672,0.0020827559014737302,-0.00012351992998972493,-0.0005684886963271928
2015-01-08,0.9019124,1.1161202192306519,0.0008653971133843078,0.0014210910532392088,0.0015974185033260277,-3.7597203861811936e-07,0.00011880498516694032
2015-01-09,0.9019124,1.110913634300232,0.0015644628337804602,0.0012961851238567409,0.001459450645722935,-5.3160697553445716e-05,0.00040556654769447744
2015-01-10,0.9019124,1.083925485610962,0.000453345742834981,0.00040992932550440464,0.0004076283992235927,9.709696485707478e-05,0.00028364800062101686
2015-01-11,0.9019124,1.0699307918548584,0.0002991072621480644,0.0002850336142117096,0.00025607865906517984,0.00010633013864267325,0.00025627878708789527
2015-01-12,0.836,1.0986995697021484,0.0012320308285732576,0.0015500331280819248,0.0007880930333365453,6.325073784566222e-05,0.0002876403904850227
2015-01-13,0.9019124,1.123817801475525,0.004448068543779996,0.0038024781833243208,0.002631016958042282,0.0003664853022948482,0.0009200073246363084
2015-01-14,0.97948,1.1874926090240479,0.01196449049592247,0.005167870429212103,0.0035672212802574125,0.0014899247278289162,0.001346552751144477
2015-01-15,1.0932857,1.1949933767318726,0.00843599100472864,0.005100921505020846,0.0038839886044115543,0.0009274268403773005,0.0008166194927806861
2015-01-16,0.9134627,1.2260104417800903,0.005963344302971322,0.003920936498060164,0.003139134095918844,-7.561409744115108e-05,0.00037121692924189914
2015-01-17,1.0355556,1.2183314561843872,0.0016807763414106937,0.002096384170142721,0.001804069425243682,8.363191975307702e-05,0.00036531622724163894
2015-01-18,0.9706719,1.142781138420105,3.2324693059672e-05,0.0021667050639589953,0.001725328890935624,0.00022564442792134432,0.000724078908857457
2015-01-19,0.8920339,1.1107171773910522,0.0007873932134259369,0.0015973326656401254,0.0012089594699874753,0.0001526621347505201,0.0006330951058874881
2015-01-20,0.9724697,1.0810400247573853,0.0002657363629351046,0.00042127140515219085,0.0003673125579676111,0.00011566823485765351,0.0001756149352758281
2015-01-21,0.9468219,1.0504411458969116,-0.00031367722137105793,-4.2875104686586614e-05,9.730817121912842e-05,0.0002732966979322455,0.00028738929678288395
2015-01-22,1.0711052,1.0371112823486328,0.0002372272452580117,0.00021105464425677942,0.00022255375908685819,0.00010072553220652872,0.00017501231039069513
2015-01-23,0.9019124,1.0158169269561768,0.00012983726069993906,0.00022905891843641853,0.00021120686986342627,0.00010043699552572877,0.0002160410213201637
2015-01-24,0.9019124,0.9949040412902832,5.1587194587853506e-05,0.00021222972458064917,0.00019453038115626114,0.00013681010437808637,0.0002499010070535715
2015-01-25,0.9019124,0.9762574434280396,-0.00030716151098991983,0.00021268442957553791,0.0001731260219393327,0.0002427686427500324,0.0002145784005052056
2015-01-26,0.832,1.0243788957595825,-0.0005364114343291119,0.00011369668490172766,0.0007225045751738289,0.00019730662845247632,0.000272537104301378
2015-01-27,0.9541848,0.9788598418235779,3.0678456906704407e-05,0.00018515178668278108,0.00035158164336239863,9.432526401423887e-05,0.00018655634334652327
2015-01-28,1.001839,0.9885756969451904,0.0002538280752491521,0.0009728132368175593,0.0010934275069852592,4.717137554290125e-05,0.00020110094604290922
2015-01-29,1.0497826,1.024699330329895,0.0003920503705600009,0.001252073630307648,0.0013868993237185672,4.499423513322889e-05,0.0006568862341651328
2015-01-30,1.1433018,1.0934041738510132,0.0002414428406403773,0.0009875375041801357,0.0010086696829375026,0.0001357871106916138,0.00046547750502477856
2015-01-31,0.89589876,1.076843500137329,0.00020456407373698187,0.0004501681630296139,0.0005175728788960885,9.431652047845706e-05,0.0003749205613484454
2015-02-01,0.9176418,1.057729721069336,0.000161977329144325,0.0003163418412755088,0.0003304351679914573,0.00011850114045096214,0.0003762513579697807
2015-02-02,0.763013,1.0477733612060547,0.00030206125599264175,0.0003771292573337795,0.00030628004775066657,0.00021785393753974563,0.0005413329124408891
2015-02-03,0.8135568,1.080263614654541,0.0004446991566857494,0.0003991390227043485,0.0004273135328006072,0.000266118255055374,0.0006149786952781786
2015-02-04,0.8834231,1.111242413520813,0.000619400198900207,0.0008052774369030516,0.0008004714579439257,0.0004316071567978192,0.0007058243967119713
2015-02-05,0.99149364,1.0931447744369507,0.0004954555405048155,0.0010937545473681883,0.0012210800107488686,0.00038861519135862635,0.0007007146398734481
2015-02-06,0.970679,1.0696732997894287,0.0005193028866459348,0.0014263533694721907,0.001563119951809745,0.00024253693905181424,0.00045324924173062236
2015-02-07,0.84997874,1.0674734115600586,0.0004224672759283833,0.001056305248350948,0.0010409911249678844,0.00016597853974622696,0.0004664191064077988
2015-02-08,0.7907931,1.0737690925598145,0.00011282102532440494,0.001025446617237151,0.0010584412652130109,0.0002549177857188667,0.00046371984910980745
2015-02-09,0.8682632,1.1170530319213867,5.584894612404062e-05,0.0014929344424316278,0.0017187958335039511,0.00024317521716388688,0.00032024490770773685
2015-02-10,0.8814125,1.2046663761138916,0.0016605907168060817,0.002499354976511862,0.0031137755177301136,0.00019423764739305864,0.0019696292183166296
2015-02-11,0.86341757,1.1875886917114258,0.0005395192820197611,0.001210976473241525,0.001426269590872596,0.0001332864594580142,0.0010058562613975404
2015-02-12,0.831,1.1539909839630127,0.00020510256219823293,0.0005241164787152257,0.0005413841540088965,0.00012013618164216186,0.0004078891644392607
2015-02-13,0.9964058,1.1239817142486572,0.00022171877757398055,0.0004154266578021605,0.0004539615302192731,0.00024295662876934145,0.0004427535249812234
2015-02-14,0.8556765,1.1349765062332153,-0.00017205475606202377,0.00034167248582223146,0.0003086010023645504,0.0003087255049201669,0.0004281775355720701
2015-02-15,0.8964789,1.16336190700531,-7.788081688151341e-05,0.0004692964270842588,0.0004807814502019304,0.0001630144811161911,0.00020010912591946124
2015-02-16,1.02308,1.150481939315796,0.0002283191075704581,0.0007651101260062518,0.0007887807235925109,0.0001677797081172812,0.0003074140195284477
2015-02-17,0.85805,1.1854193210601807,-0.0002646747713972096,0.001247455053730351,0.0011885006848724995,0.0004685223648686494,0.00016426549993915748
2015-02-18,1.063324,1.1097071170806885,0.0007552377595969439,0.0012138273202881309,0.0012191029012629676,0.00024495015492759567,0.00027912831398251974
2015-02-19,0.89280486,1.079453468322754,0.00457199781679078,0.0021432034574816006,0.0017374494316970174,0.00029798844298009597,0.00045091407030073215
2015-02-20,1.117695,1.1347768306732178,0.006585760037254535,0.0022226797597342867,0.002048457349957447,0.0010175639507520491,0.001485169029410163
2015-02-21,1.0285,1.3027690649032593,0.0026899037177952182,0.00241074370200231,0.002220207991384849,0.0009859735559723452,0.002386607974773312
2015-02-22,0.82364476,1.1523240804672241,0.000990818768701988,0.0012622304115417916,0.0012116242697293418,0.0003090839898872214,0.000641594627704884
2015-02-23,0.72171766,1.126913070678711,0.00080670187110794,0.000787671668224551,0.0007229343815838075,0.0003584412493755768,0.0009534655604462943
2015-02-24,0.7367273,1.0385323762893677,0.0008543811780055713,0.0005214189030152117,0.0004374569640760994,0.00026333781067675624,0.0007043931626097806
2015-02-25,0.7493146,0.9617429375648499,0.00017623958067517504,0.00018768587294643063,0.0001450596633677378,9.88850179244563e-05,0.00023024664751866236
2015-02-26,0.83078206,0.9694104790687561,5.92568088145296e-05,0.0001642200297832404,0.0001966364325651557,0.00011734699372776232,0.00021549489251801196
2015-02-27,0.9701176,0.9957305192947388,-0.00022447276141866467,8.333874018679705e-05,0.00023845659625606206,0.00013238587527248708,0.00027362308456312806
2015-02-28,0.99665624,1.0201985836029053,0.0003015073821467835,0.0005388816184368934,0.0005784334665490416,0.00012739331634106975,0.0001506687759683452
2015-03-01,0.8406543,1.0663950443267822,0.00028972217753768845,0.0007971949278927822,0.0009438548763127473,4.4845595024938e-05,-1.4061247319768905e-06
2015-03-02,0.93526965,1.049594521522522,0.00026752106754953677,0.0005990866033781157,0.0005863419044926457,0.00019169327848054998,0.00035184505012189604
2015-03-03,0.87462294,1.0321176052093506,3.0878466906597666e-05,0.0005468721646392078,0.0005691496480935064,0.00025726979684417546,0.000312297792035046
2015-03-04,0.8459125,1.0181807279586792,-0.00012499086454867935,0.0004639217118637763,0.0005915855426943832,0.00022422797512469003,0.0002418534539000252
2015-03-05,0.7994946,1.0418720245361328,-0.0004094204697815,0.0001504613719041916,0.00041940509485700314,0.0002530816432046852,0.0003444252312236966
2015-03-06,0.84939504,1.0436125993728638,0.00011548269686144599,0.0002991958866367833,0.0004163104887051581,0.00015912360769328266,0.0003637720009734858
2015-03-07,0.78663236,1.0399515628814697,-1.160057999380899e-05,0.0002329315744603023,0.0003722983123233615,0.00018472468046244202,0.00039361448747267386
2015-03-08,0.98972857,1.025290846824646,0.00020064080066215255,0.00038666273509178363,0.0004250785394687191,0.00017564014678513447,0.0006170502183208232
2015-03-09,0.9175735,1.0114625692367554,0.00046859265898069015,0.0005576215950801728,0.000550839895028423,0.00021061428991240138,0.0007626720108761799
2015-03-10,0.74082667,0.9975184202194214,0.0005069022666525527,0.0006789818473114857,0.0006318154226683691,0.00026903859600650075,0.000756118465250359
2015-03-11,0.7407412,0.9903959035873413,0.00047476219820816683,0.0007410363065015811,0.0006610422585469059,0.0003300684757635815,0.0007337334617046913
2015-03-12,0.7646129,1.1006412506103516,0.0001105593737871504,0.00044434385185912906,0.00041708414024311933,0.00018472468046244202,0.00041085207012449775
2015-03-13,0.792913,1.0974500179290771,-7.081892534682066e-05,0.00037470757005763055,0.00041158261819539474,0.00016925736566440825,0.0004462186180707379
2015-03-14,0.8184242,1.0196223258972168,-0.0005504121343216401,0.0005101687861753805,0.0007915314846163732,0.0003288181501467817,0.00045328690578594317
2015-03-15,0.84198767,1.0103375911712646,0.00018062441528821955,0.0008589837167487854,0.0009497862047704505,0.00025991908818606593,0.0006099191571800833
2015-03-16,0.8677838,1.0324597358703613,0.00041986714592977096,0.000999952483254064,0.0009846005239787076,0.00024623545468752274,0.0007687484784679372
2015-03-17,0.9191591,1.0386803150177002,0.000736036799607191,0.0010227183872678189,0.0009894143557704666,0.00028068498566788066,0.0009401701489180485
2015-03-18,0.7866667,1.0517609119415283,0.0004453453428392507,0.0009985832592245114,0.0009730817121912842,0.0002689511606486826,0.0009546457008463463
2015-03-19,0.7483659,1.0284875631332397,0.000753391513444083,0.0009168283229524953,0.0008660599161066421,0.00027356774754148185,0.0008458970184500621
2015-03-20,0.8031724,0.9914641380310059,0.0002454430406382425,0.0005649479654472563,0.0005918434265403703,0.0003209052502642376,0.0005808550611575251
2015-03-21,0.78646314,0.9684979915618896,0.00017211629760045246,0.00025858408883486754,0.00022405808152178288,0.00013727351177452265,0.00020880324535601477
2015-03-22,0.7894211,0.920372724533081,6.638024188765105e-05,0.00014008490173993309,9.91563387820359e-05,0.00012563149388103366,9.894347332776674e-05
2015-03-23,0.82379013,0.9356604218482971,0.0001791243402890201,0.00018929522208564355,0.00016285364874084698,0.00013334329244059603,0.00018400774226981517
2015-03-24,0.85045975,0.9652646780014038,0.0003895271674844244,0.00029974255443962705,1.693437255315221e-05,0.0001678715152429903,0.00045665156139460217
2015-03-25,0.9870118,1.0867201089859009,0.0030236127099248166,0.0015708575950388512,0.0005365703222171374,0.0006981101274275932,0.0013170869051984968
2015-03-26,0.8988571,1.1375365257263184,0.00430558449693296,0.0027547561303825083,0.0007977206969200634,0.0007942540468844499,0.003661799895769962
2015-03-27,0.9019124,1.1396220922470093,0.0045181489706656724,0.006117090096744313,0.0040836766624875575,0.0006047379088135723,0.004836579445281333
2015-03-28,0.9019124,1.1298201084136963,0.004458130585313087,0.0014878969241736472,0.0017368477027230474,0.000894813451911124,0.002300081085016306
2015-03-29,0.9019124,1.1244709491729736,0.0034145245620238866,0.0002779013875503089,0.0005387193542670299,0.000671590983401343,0.0018075105695307583
2015-03-30,0.8985,1.2052557468414307,0.009945835723153634,0.002073618266128966,0.001465381974180638,0.0009634764384057309,0.0029730498708034243
2015-03-31,1.1782742,1.2274556159973145,0.00932097371271788,0.006095693416760111,0.0034778215469818885,0.0009159553214315569,0.003922610924181461
2015-04-01,1.1448766,1.152794361114502,0.004897321774309469,0.0052438010543136345,0.003480228462877768,0.00031220543216132997,0.0013786801903331275
2015-04-02,0.97875,1.0655899047851562,0.002481031736368228,0.0024444429620729398,0.0018368206736840424,1.2826766991925142e-05,2.777096345654359e-05
2015-04-03,0.9019124,1.0782898664474487,0.003672445149578547,0.0028526045580466535,0.0020535290655951935,0.00021417290897560078,0.0007466020139393012
2015-04-04,0.9019124,1.0036580562591553,0.0018378303474807232,0.0023558214694736155,0.00178034411141287,0.00011243312661838132,0.0006229885843764041
2015-04-05,0.9019124,0.9735625982284546,0.0006524941611902377,0.0012528195508610608,0.001007981992681537,8.027440201285939e-05,0.00026561947280745603
2015-04-06,0.81421876,0.9853487014770508,0.0002652132598584607,0.0007223985107560297,0.0006493515241954912,0.00014373498471728521,0.0002655190353266005
2015-04-07,0.7856771,0.9817436337471008,0.0003204775613674287,0.00036279327738256855,0.0002810933921259275,0.00010135943855071044,0.00028979979632341577
2015-04-08,0.84725,0.981037974357605,0.0003776342651830791,0.00037389523192069447,0.00029484719724523896,0.0001048918270065644,0.0002860522228189952
2015-04-09,0.87418985,0.9924836158752441,0.000629231459664191,0.0004367007207090893,0.00031883039492203825,6.492075317998921e-05,0.00028406230522954576
2015-04-10,0.95964706,1.0173691511154175,0.0006595714381095377,0.000488598398665041,0.000356567397718149,6.277858691344412e-05,0.0002991530367280835
2015-04-11,0.85625,1.0477781295776367,0.00023596564372022343,0.000292135186603792,0.0001683981514295694,9.32410655772936e-05,0.00027809882980375095
2015-04-12,0.85884523,1.0570036172866821,0.000795455154960096,0.0005268344905947853,0.00020200901268988675,0.00015855527786746455,0.00019812548567256527
2015-04-13,0.8608,1.1128220558166504,0.007895425516555591,0.004219274065156034,0.00034822915336456646,0.0006653480988531258,0.001017406571695922
2015-04-14,0.91716665,1.13228178024292,0.006557712481115657,0.005735597715077556,0.001020962146262887,0.0008120821163435742,0.0026088259011660887
2015-04-15,1.1979074,1.117889642715454,0.004135514455485261,0.0037609416483979684,0.0017391686573369313,0.0004550835503719971,0.0025366866805416315
2015-04-16,0.9708706,1.083503246307373,0.0008413036010894737,0.0011762758403731628,0.0010789860116099822,8.354448439525885e-05,0.0004884525787704724
2015-04-17,1.087853,1.1109737157821655,0.003634197083445113,0.002312343497490435,0.002335739954387065,0.0003406743846669252,0.0013182544909134419
2015-04-18,0.9976786,1.181459903717041,0.004884598061239336,0.003201766903672333,0.0033353837027150193,0.0013082777719616735,0.00474680089208163
2015-04-19,0.89990526,1.1035362482070923,0.00418440920776686,0.0027477669569779266,0.0027496435271963434,0.0002479317006291952,0.001964029828758936
2015-04-20,1.0591667,1.0589922666549683,0.0009714793402507706,0.0008350631685907065,0.0009181524529960341,6.223648769497148e-05,0.0005767245697573431
2015-04-21,1.0252464,1.0074647665023804,0.000809363542644981,0.0006512192973988413,0.000630440042156438,0.00011494252138776272,0.0005355577572916982
2015-04-22,0.90664816,1.0080105066299438,0.0003462326951998375,0.0008226686256963239,0.0011091584215904718,9.335473154245721e-05,0.00012734217103965714
2015-04-23,1.0651408,1.0045735836029053,0.0003439556582779758,0.0005358059734152865,0.0004651364968787137,7.884046214464144e-05,0.00010936386196652405
2015-04-24,0.821075,0.9880704879760742,0.0003637720336520156,0.0003853139472417766,0.00027189553495238797,0.00010607657610500056,0.0003140177838946963
2015-04-25,1.1116145,0.9852018356323242,0.00043131387207750825,0.0004715648430138161,0.00044029368638195737,0.00011607043750361708,0.0003636464541224164
2015-04-26,1.0565574,0.9895769357681274,0.0005417501627878013,0.0005706905318995589,0.0005314986065793914,0.00012299531784281593,0.00042523973925704696
2015-04-27,1.0299482,0.9951632022857666,0.0008247489272521548,0.0007458796810538791,0.0006802975857139419,0.00015968319398331892,0.0006039682364393954
2015-04-28,1.0170964,1.006512999534607,0.0008909830079860376,0.0008065546981246491,0.0006246806362627264,0.00021085036537851044,0.0007020705458649974
2015-04-29,0.9276582,1.0124320983886719,0.0008994911256738047,0.0008410918415566469,0.000597602832434082,0.0002301298617774163,0.0005874964895790946
2015-04-30,1.0986791,0.9987825155258179,0.000746837339601427,0.000714612326349171,0.0004926441071173366,0.00020849835425320172,0.00034304421586193356
2015-05-01,1.0318083,1.0571668148040771,0.006574144071876118,0.003668457717864533,0.0021452497534846016,0.0007875040372608874,0.0007589558240845267
2015-05-02,0.79451805,1.1320409774780273,0.010348486623707976,0.004517764903598495,0.0031920002843461976,0.0019134266269569913,0.0033149892743759473
2015-05-03,0.6791398,1.0580618381500244,0.005834307082270956,0.001959328932020417,0.001757048603992036,0.0013377085134032686,0.0017616985235755468
2015-05-04,0.8690139,1.0791317224502563,0.007249947090746224,0.001655749484871111,0.0013147778081241776,0.0019204651732613537,0.0016423536869490081
2015-05-05,0.96525,1.1925865411758423,0.010464400111338423,0.002761428543004134,0.0020365087317600456,0.001580813782280901,0.0023251904552301786
2015-05-06,1.3256912,1.13706636428833,0.008262951584051758,0.0015549889016217232,0.0012105927343453937,0.0012292624391013957,0.0022327000900473773
2015-05-07,0.9261429,1.298554539680481,0.001705254488320707,0.003686267848338489,0.0036318641643181765,0.00033984374876765264,0.0059410904222491805
2015-05-08,0.84952086,1.2410593032836914,-0.0005605511027777676,0.0030032600736565277,0.003359452861673814,-0.00032688582873900023,0.0036326479169516554
2015-05-09,0.8773409,1.2280744314193726,0.003672722086501476,0.002744108880839271,0.0028428255568796784,0.0006276722031692775,0.003407429420818321
2015-05-10,1.0291235,1.1687860488891602,0.004828933739730581,0.00205592053464251,0.0014213697977988413,0.0008697544783604373,0.002870289773203149
2015-05-11,1.0264058,1.083240270614624,0.005303403615631212,0.002573282856017928,0.002125048852215613,0.0005039861459996981,0.0023967270509695033
2015-05-12,0.93023336,1.1112408638000488,0.004386665473812766,0.0028638546748864847,0.0028489288079013727,0.00031372680738736607,0.004648221504621964
2015-05-13,0.75825,1.1412991285324097,0.0070221664716370175,0.0030411998409828615,0.0026884390944154077,0.0004116194340005862,0.0035857436133921406
2015-05-14,0.78934145,1.042688250541687,0.004724513134401693,0.001721962706598728,0.0013740910927012083,0.0008166987032363734,0.0028117723859197178
2015-05-15,0.7941081,1.0273648500442505,0.006907437658621323,0.0020969563831699962,0.0016057567476796103,0.0013210171035957805,0.0029339043626399964
2015-05-16,0.79605085,1.0182888507843018,0.00275832252314332,0.0006102447574099918,0.0010792438954559693,0.0007336176262375508,0.0015063487831855648
2015-05-17,0.7689011,1.0733437538146973,0.0009710947056355912,0.0007191287220287399,0.001299992467620918,0.0003496015347001601,0.0018157338882758016
2015-05-18,0.84722537,1.0740991830825806,0.0010356056232934706,0.0005775775244064128,0.0004665118773906448,0.0002511056041179946,0.0006303205204788551
2015-05-19,0.87067145,1.1014189720153809,0.005936327567601125,0.0016335251396153135,0.00042430488793075786,0.0011042473644929801,0.001997827041066809
2015-05-20,0.8277973,1.0764247179031372,0.0073645528206850615,0.00015957590798151172,9.77379776291069e-05,0.0013222674292125802,0.0014203491902030497
2015-05-21,0.72623914,1.0354410409927368,0.002407166504869187,-0.0005360818618391516,-0.00010659198967466364,0.0003804924466173186,-0.0001978241732299988
2015-05-22,0.7474861,1.0392862558364868,0.003917811263293753,0.000915591934089989,0.0004647066904687352,0.00022447279412658087,0.0004042106417029283
2015-05-23,0.81445783,1.0050920248031616,0.003674568332654337,0.001671618178288239,0.0019797742856428858,0.00048133164478901096,0.002429118138545399
2015-05-24,0.7084938,1.0232194662094116,0.0055663552239524185,0.0012720193415441154,0.0012224553912607997,0.0009075265529378856,0.0018881618666577184
2015-05-25,1.0601866,1.0525912046432495,0.0029644251353410193,0.002008334890570672,0.0024319306289402494,0.0006244633255373508,0.0035541058069226603
2015-05-26,0.98175,1.0579777956008911,0.0016293737714381262,0.0019396386730282692,0.0023055675444065755,0.0002148636483023643,0.003228173626861481
2015-05-27,0.91171604,1.0205103158950806,0.0026683795647297823,0.002334077374437139,0.0019945596261461457,0.00043288371302196445,0.0026002636059231582
2015-05-28,0.8870548,1.0316332578659058,0.007650413266686349,0.0033106917406501724,0.002536459547847016,0.0013523976535167207,0.002993426124731982
2015-05-29,0.75748146,0.9961477518081665,0.004131160391641431,0.0020862580431778954,0.0021859954011505616,0.0005334081439055114,0.0029502380079641207
2015-05-30,0.8511618,1.0115375518798828,0.004124960081644741,0.0009971833809256404,0.001262857193798777,0.0008423959548991328,0.0027241281291881937
2015-05-31,0.90803707,1.0828883647918701,0.0028529734092466526,0.002893395172419593,0.003268677747886359,0.0004877056823739553,0.004526491277825108
2015-06-01,1.0464681,1.0726991891860962,0.003683707251110998,0.002526146807896092,0.002886923694543471,0.0005186140813626775,0.0033756535128126645
2015-06-02,0.97510713,1.0466139316558838,0.0028349725092562594,0.0009390117958492017,0.0009143701565882235,0.00037843771570859164,0.00201585556888037
2015-06-03,0.96722037,1.038940191268921,0.001962975065875474,0.0005873153639598726,0.0006406694347139258,0.00027049876648206416,0.0010398794580373384
2015-06-04,0.9647936,1.0233758687973022,0.002985426185329811,0.0006095294911258973,0.0005682040739915538,0.00032714813481245474,0.0008002858474565617
2015-06-05,0.8455882,0.9312634468078613,0.000525649357796394,0.00023708011890805116,0.00021004639255648436,0.00010346225890623736,0.0001776739036333657
2015-06-06,0.9460822,0.8948470950126648,0.00011069784224861496,0.00011443238736536784,0.00010977255710850441,5.765924671319042e-05,0.00011381449783693305
2015-06-07,0.82215154,0.8998686671257019,0.00011953674570543626,0.00012052236886994497,0.00011888445300004823,6.431307744315296e-05,0.000128359100533319
2015-06-08,0.85173565,0.9214951992034912,0.00019384046066578178,0.00018303153305492914,0.00017398563475928968,7.820218403256883e-05,0.00020406385172814625
2015-06-09,0.975,0.9868664741516113,0.00028778361907718454,0.0005912186742530747,0.0007840528530827476,0.00010123265728187409,0.0002423681959894096
2015-06-10,1.0368714,1.0262391567230225,0.005250477892582535,0.0037072353685522344,0.0036675380963463906,0.0007625499861395824,0.0015748220357587968
2015-06-11,1.1688936,1.0544157028198242,0.005476119943231344,0.002629686711563676,0.0024559138266170484,0.00067821858352396,0.0013899417428740494
2015-06-12,0.9019124,1.0578079223632812,0.005473335188617446,0.0015393858785386876,0.0012570118266230696,0.0006697723279587251,0.0005232667205720073
2015-06-13,0.9019124,1.0613242387771606,0.00776178806585768,0.0003808690781906171,0.0005214411365858949,0.0006891305161796673,-0.0005877224739110194
2015-06-14,0.9019124,1.0428948402404785,0.003883701865619649,0.0002564740532967884,0.0004014391869199026,0.00041486328577564015,-0.0002660965508415196
2015-06-15,0.9019124,1.0262057781219482,0.0016029109099137875,0.0012477309421542163,0.001291740184549331,0.0001918594056604045,0.001196009522027201
2015-06-16,0.9019124,1.0194673538208008,0.00024530457217677786,0.0009716483745834623,0.001267928909436523,0.00011872847238128936,0.0019990699548923956
2015-06-17,0.9019124,1.0643324851989746,0.00016479285452743777,0.0008388029894475441,0.001946593230792547,2.0188824120214827e-05,0.003915869058279036
2015-06-18,1.3272105,1.0909626483917236,0.0038969948379202475,0.0015170082619362984,0.0021104354342763444,0.000944669092939043,0.003821231841942949
2015-06-19,0.9019124,1.0490047931671143,0.0073217045245540825,0.0028037927432020813,0.0033950408324200324,0.001004684722545433,0.0037341023273008093
2015-06-20,0.9019124,0.9316619634628296,0.003230199961737642,0.0010442683385986126,0.0011228692460687852,0.0002491077061918495,0.0006314378874533724
2015-06-21,0.9019124,0.8950992822647095,0.0008877213064493168,0.0003570915832893571,0.00039125277500341255,0.00012878791029826951,0.00031723806062462556
2015-06-22,1.11775,0.9198628664016724,0.0006023839635246729,0.0003034261758027144,0.0003441459924697709,0.00013978290654390404,0.0003713801401482893
2015-06-23,1.2138085,0.9296357035636902,0.0004943401001207953,0.00024575527712514174,0.00026046268444696036,0.0001443557757577942,0.00040606245775620144
2015-06-24,1.1416966,0.9299352765083313,0.00022133414295880122,0.00019674931857488684,0.00015907135233303633,0.00010934228671950911,0.0002703337570651107
2015-06-25,1.6917778,0.9436514377593994,0.00018939408451430857,0.00013275853137284952,9.670644224515855e-05,8.925838502867607e-05,0.0001369465051464636
2015-06-26,1.4057263,0.9501106142997742,0.0002674441406265009,0.00017119898509804942,0.0001469078309306453,8.802554648343992e-05,0.00018292176200806513
2015-06-27,1.2198642,0.9638962745666504,0.00027854469562057675,0.00016245740929743578,0.00011849762723106761,0.00010013534354125609,0.00015732275907502158
2015-06-28,1.107,0.9465675354003906,0.00045319958168121285,0.00019063890089076417,0.00012859807786556193,7.832022176562336e-05,0.00012484378870337678
2015-06-29,0.8595474,0.9836438894271851,0.006594591248019053,0.000545554031058519,0.0003299194002994831,3.4738067661157864e-05,0.00047120244143354157
2015-06-30,0.8499677,0.9749046564102173,0.00246218464022444,0.0009474825922708366,0.0006638789808527639,0.00023178239004017966,0.0015484195329789092
2015-07-01,1.0481406,1.0075888633728027,0.004095112435506824,0.0023207734215529787,0.0021436164891266833,0.0004100193669525137,0.0031254135292612057
2015-07-02,0.8956875,1.059079885482788,0.005581709837790378,0.002207618295409208,0.0018963058808250644,0.0006239037392473145,0.006036882669615107
